<?xml version="1.0" encoding="UTF-8"?>
<!DOCTYPE suite SYSTEM "http://testng.org/testng-1.0.dtd">
<suite name="All Test Suite">
    <test verbose="2" preserve-order="true" name="C:/Users/zizga/IdeaProjects/BankProject/src/test/java/test2/OpenAccountBaseTest.java">
        <classes>
            <class name="test2.BaseTest"></class>
            <class name="test2.AddCustomerBaseTest"></class>
            <class name="test2.OpenAccountBaseTest"></class>
            <class name="test2.DepositBaseTest"></class>
            <class name="test2.HomepageBaseTest"></class>
            <class name="test2.WithdrawlBaseTest"></class>
            <class name="test2.CustomersBaseTest"></class>
            <class name="test2.TransactionsBaseTest"></class>
        </classes>
    </test>
</suite>